,alg,state,action,reward
0,dedicated server,[0 0 0 0],0,0.0
1,dedicated server,[4 0 0 0],0,-1.0
2,dedicated server,[9 0 0 0],0,-2.0
3,dedicated server,[10  0  0  0],0,-4.0
4,dedicated server,[10  0  0  0],0,0.0
5,dedicated server,[9 0 0 0],0,0.0
6,dedicated server,[2 0 0 0],0,0.0
7,dedicated server,[4 0 0 0],0,-1.0
8,dedicated server,[9 0 0 0],0,-2.0
9,dedicated server,[10  0  0  0],0,-2.0
10,dedicated server,[10  0  0  0],0,-1.0
11,dedicated server,[9 0 0 0],0,0.0
12,dedicated server,[2 0 0 0],0,0.0
13,dedicated server,[4 0 0 0],0,-1.0
14,dedicated server,[9 0 0 0],0,-4.0
15,dedicated server,[10  0  0  0],0,-1.0
16,dedicated server,[10  0  0  0],0,-1.0
17,dedicated server,[9 0 0 0],0,0.0
18,dedicated server,[2 0 0 0],0,0.0
19,dedicated server,[4 0 0 0],0,-1.0
20,dedicated server,[9 0 0 0],0,-6.0
21,dedicated server,[10  0  0  0],0,0.0
22,dedicated server,[10  0  0  0],0,-2.0
23,dedicated server,[10  0  0  0],0,0.0
24,dedicated server,[2 0 0 0],0,-2.0
25,dedicated server,[4 0 0 0],0,0.0
26,dedicated server,[8 0 0 0],0,-2.0
27,dedicated server,[10  0  0  0],0,-2.0
28,dedicated server,[10  0  0  0],0,-1.0
29,dedicated server,[9 0 0 0],0,0.0
30,dedicated server,[3 0 0 0],0,-1.0
31,dedicated server,[5 0 0 0],0,-1.0
32,dedicated server,[9 0 0 0],0,-4.0
33,dedicated server,[10  0  0  0],0,-1.0
34,dedicated server,[10  0  0  0],0,-1.0
35,dedicated server,[8 0 0 0],0,0.0
36,dedicated server,[3 0 0 0],0,0.0
37,dedicated server,[4 0 0 0],0,-1.0
38,dedicated server,[9 0 0 0],0,-2.0
39,dedicated server,[10  0  0  0],0,-2.0
40,dedicated server,[10  0  0  0],0,-1.0
41,dedicated server,[9 0 0 0],0,0.0
42,dedicated server,[2 0 0 0],0,0.0
43,dedicated server,[4 0 0 0],0,-1.0
44,dedicated server,[9 0 0 0],0,-2.0
45,dedicated server,[10  0  0  0],0,-2.0
46,dedicated server,[10  0  0  0],0,-1.0
47,dedicated server,[9 0 0 0],0,0.0
48,dedicated server,[2 0 0 0],0,0.0
49,dedicated server,[4 0 0 0],0,-3.0
50,dedicated server,[9 0 0 0],0,-1.0
51,dedicated server,[10  0  0  0],0,-2.0
52,dedicated server,[10  0  0  0],0,-1.0
53,dedicated server,[9 0 0 0],0,0.0
54,dedicated server,[2 0 0 0],0,0.0
55,dedicated server,[4 0 0 0],0,-1.0
56,dedicated server,[9 0 0 0],0,-4.0
57,dedicated server,[10  0  0  0],0,-3.0
58,dedicated server,[10  0  0  0],0,0.0
59,dedicated server,[9 0 0 0],0,0.0
60,dedicated server,[2 0 0 0],0,0.0
61,dedicated server,[4 0 0 0],0,-1.0
62,dedicated server,[9 0 0 0],0,-2.0
63,dedicated server,[10  0  0  0],0,-6.0
64,dedicated server,[10  0  0  0],0,0.0
65,dedicated server,[10  0  0  0],0,0.0
66,dedicated server,[2 0 0 0],0,0.0
67,dedicated server,[4 0 0 0],0,-1.0
68,dedicated server,[8 0 0 0],0,-2.0
69,dedicated server,[10  0  0  0],0,-2.0
70,dedicated server,[10  0  0  0],0,-1.0
71,dedicated server,[9 0 0 0],0,0.0
72,dedicated server,[3 0 0 0],0,-1.0
73,dedicated server,[5 0 0 0],0,-3.0
74,dedicated server,[9 0 0 0],0,-1.0
75,dedicated server,[10  0  0  0],0,-4.0
76,dedicated server,[10  0  0  0],0,0.0
77,dedicated server,[8 0 0 0],0,0.0
78,dedicated server,[3 0 0 0],0,0.0
79,dedicated server,[4 0 0 0],0,-4.0
80,dedicated server,[ 9 10  0  0],1,-2.0
81,dedicated server,[10  0  0  0],0,-2.0
82,dedicated server,[10  0  0  0],0,0.0
83,dedicated server,[9 0 0 0],0,0.0
84,dedicated server,[2 0 0 0],0,-2.0
85,dedicated server,[4 0 0 0],0,0.0
86,dedicated server,[9 0 0 0],0,-2.0
87,dedicated server,[10  0  0  0],0,-2.0
88,dedicated server,[10  0  0  0],0,-1.0
89,dedicated server,[9 0 0 0],0,0.0
90,dedicated server,[2 0 0 0],0,-2.0
91,dedicated server,[4 0 0 0],0,0.0
92,dedicated server,[9 0 0 0],0,-6.0
93,dedicated server,[10  0  0  0],0,0.0
94,dedicated server,[10  0  0  0],0,-1.0
95,dedicated server,[9 0 0 0],0,0.0
96,dedicated server,[2 0 0 0],0,0.0
97,dedicated server,[4 0 0 0],0,-5.0
98,dedicated server,[9 0 0 0],0,0.0
99,dedicated server,[10  0  0  0],0,-1.0
100,shortest queue,[0 0 0 0],0,0.0
101,shortest queue,[2 0 0 0],0,0.0
102,shortest queue,[4 0 0 0],0,-1.0
103,shortest queue,[9 0 0 0],0,-6.0
104,shortest queue,[10  0  0  0],0,0.0
105,shortest queue,[10  0  0  0],0,-2.0
106,shortest queue,[10  0  0  0],0,0.0
107,shortest queue,[2 0 0 0],0,0.0
108,shortest queue,[4 0 0 0],0,-3.0
109,shortest queue,[8 0 0 0],0,-1.0
110,shortest queue,[10  0  0  0],0,-2.0
111,shortest queue,[10  0  0  0],0,-1.0
112,shortest queue,[9 0 0 0],0,0.0
113,shortest queue,[3 0 0 0],0,-1.0
114,shortest queue,[5 0 0 0],0,-1.0
115,shortest queue,[9 0 0 0],0,-2.0
116,shortest queue,[10  0  0  0],0,-2.0
117,shortest queue,[10  0  0  0],0,-1.0
118,shortest queue,[8 0 0 0],0,0.0
119,shortest queue,[3 0 0 0],0,0.0
120,shortest queue,[4 0 0 0],0,-5.0
121,shortest queue,[9 0 0 0],0,0.0
122,shortest queue,[10  0  0  0],0,-2.0
123,shortest queue,[10  0  0  0],0,-1.0
124,shortest queue,[9 0 0 0],0,0.0
125,shortest queue,[2 0 0 0],0,0.0
126,shortest queue,[4 0 0 0],0,-1.0
127,shortest queue,[9 0 0 0],0,-4.0
128,shortest queue,[10  0  0  0],0,-3.0
129,shortest queue,[10  0  0  0],0,0.0
130,shortest queue,[9 0 0 0],0,0.0
131,shortest queue,[2 0 0 0],0,0.0
132,shortest queue,[4 0 0 0],0,-1.0
133,shortest queue,[9 0 0 0],0,-2.0
134,shortest queue,[10  0  0  0],0,-2.0
135,shortest queue,[10  0  0  0],0,-1.0
136,shortest queue,[9 0 0 0],0,0.0
137,shortest queue,[2 0 0 0],0,0.0
138,shortest queue,[4 0 0 0],0,-1.0
139,shortest queue,[9 0 0 0],0,-2.0
140,shortest queue,[10  0  0  0],0,-2.0
141,shortest queue,[10  0  0  0],0,-1.0
142,shortest queue,[9 0 0 0],0,0.0
143,shortest queue,[2 0 0 0],0,0.0
144,shortest queue,[4 0 0 0],0,-1.0
145,shortest queue,[9 0 0 0],0,-2.0
146,shortest queue,[10  0  0  0],0,-2.0
147,shortest queue,[10  0  0  0],0,-2.0
148,shortest queue,[10  0  0  0],0,0.0
149,shortest queue,[2 0 0 0],0,0.0
150,shortest queue,[4 0 0 0],0,-5.0
151,shortest queue,[8 0 0 0],0,0.0
152,shortest queue,[10  0  0  0],0,-2.0
153,shortest queue,[10  0  0  0],0,-1.0
154,shortest queue,[9 0 0 0],0,0.0
155,shortest queue,[3 0 0 0],0,-1.0
156,shortest queue,[5 0 0 0],0,-1.0
157,shortest queue,[9 0 0 0],0,-2.0
158,shortest queue,[10  0  0  0],0,-2.0
159,shortest queue,[10  0  0  0],0,-1.0
160,shortest queue,[8 0 0 0],0,0.0
161,shortest queue,[3 0 0 0],0,0.0
162,shortest queue,[4 0 0 0],0,-1.0
163,shortest queue,[9 0 0 0],0,-2.0
164,shortest queue,[10  0  0  0],0,-2.0
165,shortest queue,[10  0  0  0],0,-1.0
166,shortest queue,[9 0 0 0],0,0.0
167,shortest queue,[2 0 0 0],0,0.0
168,shortest queue,[4 0 0 0],0,-1.0
169,shortest queue,[9 0 0 0],0,-2.0
170,shortest queue,[10  0  0  0],0,-2.0
171,shortest queue,[10  0  0  0],0,-1.0
172,shortest queue,[9 0 0 0],0,0.0
173,shortest queue,[2 0 0 0],0,-2.0
174,shortest queue,[4 0 0 0],0,0.0
175,shortest queue,[9 0 0 0],0,-6.0
176,shortest queue,[10  0  0  0],0,0.0
177,shortest queue,[10  0  0  0],0,-1.0
178,shortest queue,[9 0 0 0],0,0.0
179,shortest queue,[2 0 0 0],0,0.0
180,shortest queue,[4 0 0 0],0,-1.0
181,shortest queue,[9 0 0 0],0,-2.0
182,shortest queue,[10  0  0  0],0,-4.0
183,shortest queue,[10  0  0  0],0,0.0
184,shortest queue,[9 0 0 0],0,0.0
185,shortest queue,[2 0 0 0],0,0.0
186,shortest queue,[4 0 0 0],0,-3.0
187,shortest queue,[9 0 0 0],0,-3.0
188,shortest queue,[10  0  0  0],0,-5.0
189,shortest queue,[10  0  0  0],0,0.0
190,shortest queue,[10  0  0  0],0,0.0
191,shortest queue,[2 0 0 0],0,0.0
192,shortest queue,[4 0 0 0],0,-1.0
193,shortest queue,[8 0 0 0],0,-2.0
194,shortest queue,[10  0  0  0],0,-2.0
195,shortest queue,[10  0  0  0],0,-1.0
196,shortest queue,[9 0 0 0],0,0.0
197,shortest queue,[3 0 0 0],0,-1.0
198,shortest queue,[5 0 0 0],0,-1.0
199,shortest queue,[9 0 0 0],0,-2.0
200,random,[0 0 0 0],1,0.0
201,random,[8 0 0 0],2,0.0
202,random,[3 0 0 0],1,0.0
203,random,[4 0 0 0],1,0.0
204,random,[9 0 0 0],0,-2.0
205,random,[10  0  0  0],0,-2.0
206,random,[10  0  0  0],1,0.0
207,random,[9 0 0 0],1,0.0
208,random,[2 0 0 0],1,0.0
209,random,[4 0 0 0],2,0.0
210,random,[9 0 0 0],0,-2.0
211,random,[10  0  0  0],1,-2.0
212,random,[10  0  0  0],0,0.0
213,random,[9 0 0 0],2,0.0
214,random,[2 0 0 0],0,0.0
215,random,[4 0 0 0],1,0.0
216,random,[9 0 0 0],2,0.0
217,random,[10  0  0  0],2,0.0
218,random,[10  0  0  0],2,0.0
219,random,[9 0 0 0],0,0.0
220,random,[2 0 0 0],0,0.0
221,random,[4 0 0 0],0,-1.0
222,random,[9 0 0 0],1,-1.0
223,random,[10  0  0  0],2,0.0
224,random,[10  0  0  0],2,0.0
225,random,[9 0 0 0],2,0.0
226,random,[2 0 0 0],1,0.0
227,random,[4 0 0 0],2,0.0
228,random,[9 0 0 0],1,-1.0
229,random,[10  0  0  0],2,0.0
230,random,[10  0  0  0],2,0.0
231,random,[10  0  0  0],2,0.0
232,random,[2 0 0 0],0,0.0
233,random,[4 0 0 0],1,0.0
234,random,[8 0 0 0],1,-2.0
235,random,[10  0  0  0],0,-1.0
236,random,[10  0  0  0],2,0.0
237,random,[9 0 0 0],2,0.0
238,random,[3 0 0 0],2,-5.0
239,random,[5 9 0 0],0,0.0
240,random,[9 0 0 0],0,0.0
241,random,[10  0  0  0],0,-2.0
242,random,[10  0  0  0],2,0.0
243,random,[8 0 0 0],1,0.0
244,random,[3 0 0 0],1,0.0
245,random,[4 0 0 0],2,0.0
246,random,[9 0 0 0],1,-1.0
247,random,[10  0  0  0],0,-4.0
248,random,[10  0  0  0],0,0.0
249,random,[9 0 0 0],2,0.0
250,random,[2 0 0 0],0,0.0
251,random,[4 0 0 0],1,0.0
252,random,[9 0 0 0],1,-1.0
253,random,[10  0  0  0],2,0.0
254,random,[10  0  0  0],0,-1.0
255,random,[9 0 0 0],1,0.0
256,random,[2 0 0 0],1,0.0
257,random,[4 0 0 0],2,0.0
258,random,[9 0 0 0],2,0.0
259,random,[10  0  0  0],1,-1.0
260,random,[10  0  0  0],1,0.0
261,random,[9 0 0 0],2,0.0
262,random,[2 0 0 0],0,0.0
263,random,[4 0 0 0],1,0.0
264,random,[9 0 0 0],0,-2.0
265,random,[10  0  0  0],0,-2.0
266,random,[10  0  0  0],0,-1.0
267,random,[9 0 0 0],0,0.0
268,random,[2 0 0 0],1,0.0
269,random,[4 0 0 0],2,0.0
270,random,[9 0 0 0],2,0.0
271,random,[10  0  0  0],0,-4.0
272,random,[10  0  0  0],0,-1.0
273,random,[10  0  0  0],1,0.0
274,random,[2 0 0 0],2,0.0
275,random,[4 0 0 0],0,-1.0
276,random,[8 0 0 0],2,0.0
277,random,[10  0  0  0],0,-2.0
278,random,[10  0  0  0],1,0.0
279,random,[9 0 0 0],2,0.0
280,random,[3 0 0 0],1,0.0
281,random,[5 0 0 0],0,-1.0
282,random,[9 0 0 0],0,-2.0
283,random,[10  0  0  0],0,-2.0
284,random,[10  0  0  0],2,0.0
285,random,[8 0 0 0],2,0.0
286,random,[3 0 0 0],1,0.0
287,random,[4 0 0 0],0,-1.0
288,random,[9 0 0 0],2,-2.0
289,random,[10  0  0  0],0,0.0
290,random,[10  0  0  0],2,0.0
291,random,[9 0 0 0],0,0.0
292,random,[2 0 0 0],0,0.0
293,random,[4 0 0 0],0,-1.0
294,random,[9 0 0 0],1,-1.0
295,random,[10  0  0  0],2,0.0
296,random,[10  0  0  0],0,-1.0
297,random,[9 0 0 0],1,0.0
298,random,[2 0 0 0],2,0.0
299,random,[4 0 0 0],1,0.0
300,TRPO,[0 0 0 0],2,0.0
301,TRPO,[10  0  0  0],2,0.0
302,TRPO,[9 0 0 0],0,0.0
303,TRPO,[2 0 0 0],1,0.0
304,TRPO,[4 0 0 0],2,0.0
305,TRPO,[9 0 0 0],2,0.0
306,TRPO,[10  0  0  0],1,-1.0
307,TRPO,[10  0  0  0],0,-1.0
308,TRPO,[9 0 0 0],2,0.0
309,TRPO,[2 0 0 0],2,0.0
310,TRPO,[4 0 0 0],1,0.0
311,TRPO,[9 0 0 0],1,-1.0
312,TRPO,[10  0  0  0],1,-1.0
313,TRPO,[10  0  0  0],1,-1.0
314,TRPO,[10  0  0  0],0,0.0
315,TRPO,[2 0 0 0],0,0.0
316,TRPO,[4 0 0 0],1,-2.0
317,TRPO,[8 0 0 0],0,0.0
318,TRPO,[10  0  0  0],2,0.0
319,TRPO,[10  0  0  0],2,0.0
320,TRPO,[9 0 0 0],1,0.0
321,TRPO,[3 0 0 0],2,0.0
322,TRPO,[5 0 0 0],0,-1.0
323,TRPO,[9 0 0 0],0,-2.0
324,TRPO,[10  0  0  0],2,0.0
325,TRPO,[10  0  0  0],2,0.0
326,TRPO,[8 0 0 0],0,0.0
327,TRPO,[3 0 0 0],1,0.0
328,TRPO,[4 0 0 0],1,0.0
329,TRPO,[9 0 0 0],0,-2.0
330,TRPO,[10  0  0  0],1,-1.0
331,TRPO,[10  0  0  0],0,-1.0
332,TRPO,[9 0 0 0],1,0.0
333,TRPO,[2 0 0 0],2,0.0
334,TRPO,[4 0 0 0],0,-1.0
335,TRPO,[9 0 0 0],2,0.0
336,TRPO,[10  0  0  0],2,0.0
337,TRPO,[10  0  0  0],0,-1.0
338,TRPO,[9 0 0 0],1,0.0
339,TRPO,[2 0 0 0],0,0.0
340,TRPO,[4 0 0 0],2,0.0
341,TRPO,[9 0 0 0],0,-2.0
342,TRPO,[10  0  0  0],0,-2.0
343,TRPO,[10  0  0  0],1,0.0
344,TRPO,[9 0 0 0],2,0.0
345,TRPO,[2 0 0 0],2,0.0
346,TRPO,[4 0 0 0],2,0.0
347,TRPO,[9 0 0 0],1,-1.0
348,TRPO,[10  0  0  0],0,-2.0
349,TRPO,[10  0  0  0],2,0.0
350,TRPO,[9 0 0 0],2,0.0
351,TRPO,[2 0 0 0],0,0.0
352,TRPO,[4 0 0 0],1,0.0
353,TRPO,[9 0 0 0],1,-1.0
354,TRPO,[10  0  0  0],1,-1.0
355,TRPO,[10  0  0  0],2,0.0
356,TRPO,[10  0  0  0],2,0.0
357,TRPO,[2 0 0 0],1,0.0
358,TRPO,[4 0 0 0],1,0.0
359,TRPO,[8 0 0 0],0,-2.0
360,TRPO,[10  0  0  0],1,-1.0
361,TRPO,[10  0  0  0],0,-1.0
362,TRPO,[9 0 0 0],0,0.0
363,TRPO,[3 0 0 0],0,-1.0
364,TRPO,[5 0 0 0],1,0.0
365,TRPO,[9 0 0 0],2,0.0
366,TRPO,[10  0  0  0],1,-2.0
367,TRPO,[10  0  0  0],0,0.0
368,TRPO,[8 0 0 0],2,0.0
369,TRPO,[3 0 0 0],0,0.0
370,TRPO,[4 0 0 0],1,0.0
371,TRPO,[9 0 0 0],2,0.0
372,TRPO,[10  0  0  0],2,0.0
373,TRPO,[10  0  0  0],1,0.0
374,TRPO,[9 0 0 0],2,0.0
375,TRPO,[2 0 0 0],2,0.0
376,TRPO,[4 0 0 0],0,-1.0
377,TRPO,[9 0 0 0],0,-2.0
378,TRPO,[10  0  0  0],0,-2.0
379,TRPO,[10  0  0  0],2,0.0
380,TRPO,[9 0 0 0],1,0.0
381,TRPO,[2 0 0 0],0,0.0
382,TRPO,[4 0 0 0],1,0.0
383,TRPO,[9 0 0 0],2,0.0
384,TRPO,[10  0  0  0],2,0.0
385,TRPO,[10  0  0  0],0,-1.0
386,TRPO,[9 0 0 0],1,0.0
387,TRPO,[2 0 0 0],1,0.0
388,TRPO,[4 0 0 0],2,0.0
389,TRPO,[9 0 0 0],2,-2.0
390,TRPO,[10  0  0  0],0,0.0
391,TRPO,[10  0  0  0],2,0.0
392,TRPO,[9 0 0 0],2,0.0
393,TRPO,[2 0 0 0],2,0.0
394,TRPO,[4 0 0 0],0,-1.0
395,TRPO,[9 0 0 0],0,-2.0
396,TRPO,[10  0  0  0],0,-2.0
397,TRPO,[10  0  0  0],2,0.0
398,TRPO,[10  0  0  0],0,0.0
399,TRPO,[2 0 0 0],2,0.0
400,PPO2,[0 0 0 0],0,0.0
401,PPO2,[2 0 0 0],2,0.0
402,PPO2,[4 0 0 0],0,-1.0
403,PPO2,[9 0 0 0],1,-1.0
404,PPO2,[10  0  0  0],0,-2.0
405,PPO2,[10  0  0  0],1,0.0
406,PPO2,[9 0 0 0],2,0.0
407,PPO2,[2 0 0 0],1,-1.0
408,PPO2,[4 0 0 0],0,0.0
409,PPO2,[9 0 0 0],2,0.0
410,PPO2,[10  0  0  0],0,-2.0
411,PPO2,[10  0  0  0],1,-1.0
412,PPO2,[10  0  0  0],0,0.0
413,PPO2,[2 0 0 0],1,0.0
414,PPO2,[4 0 0 0],2,0.0
415,PPO2,[8 0 0 0],0,-2.0
416,PPO2,[10  0  0  0],2,0.0
417,PPO2,[10  0  0  0],0,-1.0
418,PPO2,[9 0 0 0],1,0.0
419,PPO2,[3 0 0 0],1,0.0
420,PPO2,[5 0 0 0],0,-3.0
421,PPO2,[9 0 0 0],0,-1.0
422,PPO2,[10  0  0  0],1,-1.0
423,PPO2,[10  0  0  0],1,0.0
424,PPO2,[8 0 0 0],2,0.0
425,PPO2,[3 0 0 0],2,0.0
426,PPO2,[4 0 0 0],1,0.0
427,PPO2,[9 0 0 0],0,-2.0
428,PPO2,[10  0  0  0],1,-1.0
429,PPO2,[10  0  0  0],2,0.0
430,PPO2,[9 0 0 0],1,0.0
431,PPO2,[2 0 0 0],1,0.0
432,PPO2,[4 0 0 0],1,0.0
433,PPO2,[9 0 0 0],2,0.0
434,PPO2,[10  0  0  0],0,-2.0
435,PPO2,[10  0  0  0],0,-1.0
436,PPO2,[9 0 0 0],0,0.0
437,PPO2,[2 0 0 0],0,0.0
438,PPO2,[4 0 0 0],2,0.0
439,PPO2,[9 0 0 0],2,0.0
440,PPO2,[10  0  0  0],0,-2.0
441,PPO2,[10  0  0  0],1,0.0
442,PPO2,[9 0 0 0],1,0.0
443,PPO2,[2 0 0 0],2,0.0
444,PPO2,[4 0 0 0],2,0.0
445,PPO2,[9 0 0 0],0,-2.0
446,PPO2,[10  0  0  0],2,0.0
447,PPO2,[10  0  0  0],0,-1.0
448,PPO2,[9 0 0 0],1,0.0
449,PPO2,[2 0 0 0],2,0.0
450,PPO2,[4 0 0 0],2,0.0
451,PPO2,[9 0 0 0],2,0.0
452,PPO2,[10  0  0  0],2,0.0
453,PPO2,[10  0  0  0],2,0.0
454,PPO2,[10  0  0  0],1,0.0
455,PPO2,[2 0 0 0],2,0.0
456,PPO2,[4 0 0 0],2,-1.0
457,PPO2,[8 0 0 0],0,-1.0
458,PPO2,[10  0  0  0],2,0.0
459,PPO2,[10  0  0  0],0,-1.0
460,PPO2,[9 0 0 0],1,0.0
461,PPO2,[3 0 0 0],0,-1.0
462,PPO2,[5 0 0 0],1,0.0
463,PPO2,[9 0 0 0],0,-2.0
464,PPO2,[10  0  0  0],2,-1.0
465,PPO2,[10  0  0  0],0,0.0
466,PPO2,[8 0 0 0],2,0.0
467,PPO2,[3 0 0 0],1,0.0
468,PPO2,[4 0 0 0],0,-1.0
469,PPO2,[9 0 0 0],2,0.0
470,PPO2,[10  0  0  0],1,-1.0
471,PPO2,[10  0  0  0],2,0.0
472,PPO2,[9 0 0 0],2,0.0
473,PPO2,[2 0 0 0],1,-5.0
474,PPO2,[4 9 0 0],0,0.0
475,PPO2,[9 0 0 0],0,0.0
476,PPO2,[10  0  0  0],1,-1.0
477,PPO2,[10  0  0  0],2,0.0
478,PPO2,[9 0 0 0],1,0.0
479,PPO2,[2 0 0 0],2,0.0
480,PPO2,[4 0 0 0],2,0.0
481,PPO2,[9 0 0 0],2,0.0
482,PPO2,[10  0  0  0],2,0.0
483,PPO2,[10  0  0  0],2,0.0
484,PPO2,[9 0 0 0],2,0.0
485,PPO2,[2 0 0 0],1,0.0
486,PPO2,[4 0 0 0],1,0.0
487,PPO2,[9 0 0 0],0,-2.0
488,PPO2,[10  0  0  0],1,-1.0
489,PPO2,[10  0  0  0],2,0.0
490,PPO2,[9 0 0 0],0,0.0
491,PPO2,[2 0 0 0],2,0.0
492,PPO2,[4 0 0 0],0,-1.0
493,PPO2,[9 0 0 0],1,-1.0
494,PPO2,[10  0  0  0],2,0.0
495,PPO2,[10  0  0  0],0,-2.0
496,PPO2,[10  0  0  0],0,0.0
497,PPO2,[2 0 0 0],1,0.0
498,PPO2,[4 0 0 0],1,0.0
499,PPO2,[8 0 0 0],2,0.0
500,PPO1,[0 0 0 0],1,0.0
501,PPO1,[9 0 0 0],0,0.0
502,PPO1,[3 0 0 0],1,0.0
503,PPO1,[5 0 0 0],2,0.0
504,PPO1,[9 0 0 0],2,0.0
505,PPO1,[10  0  0  0],2,0.0
506,PPO1,[10  0  0  0],1,0.0
507,PPO1,[8 0 0 0],0,0.0
508,PPO1,[3 0 0 0],2,0.0
509,PPO1,[4 0 0 0],2,0.0
510,PPO1,[9 0 0 0],2,0.0
511,PPO1,[10  0  0  0],1,-1.0
512,PPO1,[10  0  0  0],1,0.0
513,PPO1,[9 0 0 0],1,0.0
514,PPO1,[2 0 0 0],1,0.0
515,PPO1,[4 0 0 0],2,0.0
516,PPO1,[9 0 0 0],1,-1.0
517,PPO1,[10  0  0  0],2,0.0
518,PPO1,[10  0  0  0],0,-1.0
519,PPO1,[9 0 0 0],1,0.0
520,PPO1,[2 0 0 0],1,0.0
521,PPO1,[4 0 0 0],2,0.0
522,PPO1,[9 0 0 0],2,0.0
523,PPO1,[10  0  0  0],2,0.0
524,PPO1,[10  0  0  0],2,0.0
525,PPO1,[9 0 0 0],2,0.0
526,PPO1,[2 0 0 0],1,0.0
527,PPO1,[4 0 0 0],1,0.0
528,PPO1,[9 0 0 0],2,0.0
529,PPO1,[10  0  0  0],1,-1.0
530,PPO1,[10  0  0  0],2,0.0
531,PPO1,[9 0 0 0],2,0.0
532,PPO1,[2 0 0 0],2,0.0
533,PPO1,[4 0 0 0],0,-1.0
534,PPO1,[9 0 0 0],2,0.0
535,PPO1,[10  0  0  0],2,0.0
536,PPO1,[10  0  0  0],2,0.0
537,PPO1,[10  0  0  0],2,0.0
538,PPO1,[2 0 0 0],0,0.0
539,PPO1,[4 0 0 0],2,0.0
540,PPO1,[8 0 0 0],2,0.0
541,PPO1,[10  0  0  0],2,0.0
542,PPO1,[10  0  0  0],2,0.0
543,PPO1,[9 0 0 0],1,0.0
544,PPO1,[3 0 0 0],0,-1.0
545,PPO1,[5 0 0 0],0,-1.0
546,PPO1,[9 0 0 0],2,0.0
547,PPO1,[10  0  0  0],0,-2.0
548,PPO1,[10  0  0  0],1,0.0
549,PPO1,[8 0 0 0],2,0.0
550,PPO1,[3 0 0 0],2,0.0
551,PPO1,[4 0 0 0],0,-1.0
552,PPO1,[9 0 0 0],2,0.0
553,PPO1,[10  0  0  0],0,-2.0
554,PPO1,[10  0  0  0],1,0.0
555,PPO1,[9 0 0 0],1,0.0
556,PPO1,[2 0 0 0],1,0.0
557,PPO1,[4 0 0 0],2,0.0
558,PPO1,[9 0 0 0],1,-1.0
559,PPO1,[10  0  0  0],0,-2.0
560,PPO1,[10  0  0  0],1,0.0
561,PPO1,[9 0 0 0],2,0.0
562,PPO1,[2 0 0 0],1,0.0
563,PPO1,[4 0 0 0],2,0.0
564,PPO1,[9 0 0 0],1,-1.0
565,PPO1,[10  0  0  0],1,-1.0
566,PPO1,[10  0  0  0],2,0.0
567,PPO1,[9 0 0 0],0,0.0
568,PPO1,[2 0 0 0],2,0.0
569,PPO1,[4 0 0 0],1,0.0
570,PPO1,[9 0 0 0],0,-3.0
571,PPO1,[10  0  0  0],1,0.0
572,PPO1,[10  0  0  0],1,0.0
573,PPO1,[9 0 0 0],1,0.0
574,PPO1,[2 0 0 0],2,0.0
575,PPO1,[4 0 0 0],2,0.0
576,PPO1,[9 0 0 0],2,0.0
577,PPO1,[10  0  0  0],2,0.0
578,PPO1,[10  0  0  0],1,-1.0
579,PPO1,[10  0  0  0],1,0.0
580,PPO1,[2 0 0 0],2,0.0
581,PPO1,[4 0 0 0],2,0.0
582,PPO1,[8 0 0 0],0,-2.0
583,PPO1,[10  0  0  0],1,-1.0
584,PPO1,[10  0  0  0],1,0.0
585,PPO1,[9 0 0 0],1,0.0
586,PPO1,[3 0 0 0],1,0.0
587,PPO1,[5 0 0 0],2,0.0
588,PPO1,[9 0 0 0],1,-1.0
589,PPO1,[10  0  0  0],2,0.0
590,PPO1,[10  0  0  0],2,0.0
591,PPO1,[8 0 0 0],2,0.0
592,PPO1,[3 0 0 0],1,0.0
593,PPO1,[4 0 0 0],1,0.0
594,PPO1,[9 0 0 0],1,-1.0
595,PPO1,[10  0  0  0],2,0.0
596,PPO1,[10  0  0  0],2,0.0
597,PPO1,[9 0 0 0],0,0.0
598,PPO1,[2 0 0 0],1,0.0
599,PPO1,[4 0 0 0],1,0.0
600,DQN,[0 0 0 0],0,-1.0
601,DQN,[9 0 0 0],0,0.0
602,DQN,[2 0 0 0],0,0.0
603,DQN,[4 0 0 0],0,-1.0
604,DQN,[9 0 0 0],0,-2.0
605,DQN,[10  0  0  0],0,-2.0
606,DQN,[10  0  0  0],0,-1.0
607,DQN,[9 0 0 0],0,0.0
608,DQN,[2 0 0 0],0,0.0
609,DQN,[4 0 0 0],0,-1.0
610,DQN,[9 0 0 0],0,-2.0
611,DQN,[10  0  0  0],0,-2.0
612,DQN,[10  0  0  0],0,-2.0
613,DQN,[10  0  0  0],0,0.0
614,DQN,[2 0 0 0],0,-5.0
615,DQN,[4 8 0 0],0,0.0
616,DQN,[8 0 0 0],0,-1.0
617,DQN,[10  0  0  0],0,-2.0
618,DQN,[10  0  0  0],0,-1.0
619,DQN,[9 0 0 0],0,0.0
620,DQN,[3 0 0 0],0,-1.0
621,DQN,[5 0 0 0],0,-1.0
622,DQN,[9 0 0 0],0,-2.0
623,DQN,[10  0  0  0],0,-4.0
624,DQN,[10  0  0  0],0,0.0
625,DQN,[8 0 0 0],0,0.0
626,DQN,[3 0 0 0],0,0.0
627,DQN,[4 0 0 0],0,-1.0
628,DQN,[9 0 0 0],0,-2.0
629,DQN,[10  0  0  0],0,-2.0
630,DQN,[10  0  0  0],0,-1.0
631,DQN,[9 0 0 0],0,0.0
632,DQN,[2 0 0 0],0,0.0
633,DQN,[4 0 0 0],0,-1.0
634,DQN,[9 0 0 0],0,-6.0
635,DQN,[10  0  0  0],0,0.0
636,DQN,[10  0  0  0],0,-1.0
637,DQN,[9 0 0 0],0,0.0
638,DQN,[2 0 0 0],0,0.0
639,DQN,[4 0 0 0],0,-1.0
640,DQN,[9 0 0 0],0,-2.0
641,DQN,[10  0  0  0],0,-4.0
642,DQN,[10  0  0  0],0,0.0
643,DQN,[9 0 0 0],0,0.0
644,DQN,[2 0 0 0],0,0.0
645,DQN,[4 0 0 0],0,-1.0
646,DQN,[9 0 0 0],0,-2.0
647,DQN,[10  0  0  0],0,-2.0
648,DQN,[10  0  0  0],0,-1.0
649,DQN,[9 0 0 0],0,0.0
650,DQN,[2 0 0 0],0,0.0
651,DQN,[4 0 0 0],0,-1.0
652,DQN,[9 0 0 0],0,-2.0
653,DQN,[10  0  0  0],0,-2.0
654,DQN,[10  0  0  0],0,-2.0
655,DQN,[10  0  0  0],0,0.0
656,DQN,[2 0 0 0],0,0.0
657,DQN,[4 0 0 0],0,-1.0
658,DQN,[8 0 0 0],0,-2.0
659,DQN,[10  0  0  0],0,-2.0
660,DQN,[10  0  0  0],0,-1.0
661,DQN,[9 0 0 0],0,0.0
662,DQN,[3 0 0 0],0,-1.0
663,DQN,[5 0 0 0],0,-1.0
664,DQN,[9 0 0 0],0,-2.0
665,DQN,[10  0  0  0],0,-2.0
666,DQN,[10  0  0  0],0,-1.0
667,DQN,[8 0 0 0],0,0.0
668,DQN,[3 0 0 0],0,0.0
669,DQN,[4 0 0 0],0,-1.0
670,DQN,[9 0 0 0],0,-2.0
671,DQN,[10  0  0  0],0,-2.0
672,DQN,[10  0  0  0],0,-1.0
673,DQN,[9 0 0 0],0,0.0
674,DQN,[2 0 0 0],0,0.0
675,DQN,[4 0 0 0],0,-1.0
676,DQN,[9 0 0 0],0,-2.0
677,DQN,[10  0  0  0],0,-2.0
678,DQN,[10  0  0  0],0,-1.0
679,DQN,[9 0 0 0],0,0.0
680,DQN,[2 0 0 0],0,0.0
681,DQN,[4 0 0 0],0,-1.0
682,DQN,[9 0 0 0],0,-2.0
683,DQN,[10  0  0  0],0,-2.0
684,DQN,[10  0  0  0],0,-1.0
685,DQN,[9 0 0 0],0,0.0
686,DQN,[2 0 0 0],0,0.0
687,DQN,[4 0 0 0],0,-1.0
688,DQN,[9 0 0 0],0,-6.0
689,DQN,[10  0  0  0],0,0.0
690,DQN,[10  0  0  0],0,-1.0
691,DQN,[9 0 0 0],0,0.0
692,DQN,[2 0 0 0],0,0.0
693,DQN,[4 0 0 0],0,-1.0
694,DQN,[9 0 0 0],0,-2.0
695,DQN,[10  0  0  0],0,-4.0
696,DQN,[10  0  0  0],0,-1.0
697,DQN,[10  0  0  0],0,0.0
698,DQN,[2 0 0 0],0,-2.0
699,DQN,[4 0 0 0],0,0.0
700,ACKTR,[0 0 0 0],2,0.0
701,ACKTR,[10  0  0  0],0,-1.0
702,ACKTR,[9 0 0 0],2,0.0
703,ACKTR,[2 0 0 0],2,0.0
704,ACKTR,[4 0 0 0],0,-1.0
705,ACKTR,[9 0 0 0],0,-2.0
706,ACKTR,[10  0  0  0],1,-1.0
707,ACKTR,[10  0  0  0],2,0.0
708,ACKTR,[9 0 0 0],0,0.0
709,ACKTR,[2 0 0 0],2,0.0
710,ACKTR,[4 0 0 0],2,0.0
711,ACKTR,[9 0 0 0],2,0.0
712,ACKTR,[10  0  0  0],2,0.0
713,ACKTR,[10  0  0  0],1,0.0
714,ACKTR,[9 0 0 0],2,0.0
715,ACKTR,[2 0 0 0],0,0.0
716,ACKTR,[4 0 0 0],0,-1.0
717,ACKTR,[9 0 0 0],0,-2.0
718,ACKTR,[10  0  0  0],2,-1.0
719,ACKTR,[10  0  0  0],1,0.0
720,ACKTR,[10  0  0  0],2,0.0
721,ACKTR,[2 0 0 0],0,0.0
722,ACKTR,[4 0 0 0],2,0.0
723,ACKTR,[8 0 0 0],1,-1.0
724,ACKTR,[10  0  0  0],1,-1.0
725,ACKTR,[10  0  0  0],1,0.0
726,ACKTR,[9 0 0 0],0,0.0
727,ACKTR,[3 0 0 0],1,0.0
728,ACKTR,[5 0 0 0],1,0.0
729,ACKTR,[9 0 0 0],2,0.0
730,ACKTR,[10  0  0  0],0,-4.0
731,ACKTR,[10  0  0  0],0,0.0
732,ACKTR,[8 0 0 0],2,0.0
733,ACKTR,[3 0 0 0],0,0.0
734,ACKTR,[4 0 0 0],2,-2.0
735,ACKTR,[9 0 0 0],0,0.0
736,ACKTR,[10  0  0  0],2,0.0
737,ACKTR,[10  0  0  0],1,0.0
738,ACKTR,[9 0 0 0],0,0.0
739,ACKTR,[2 0 0 0],0,0.0
740,ACKTR,[4 0 0 0],2,0.0
741,ACKTR,[9 0 0 0],0,-2.0
742,ACKTR,[10  0  0  0],0,-2.0
743,ACKTR,[10  0  0  0],0,-1.0
744,ACKTR,[9 0 0 0],2,0.0
745,ACKTR,[2 0 0 0],0,0.0
746,ACKTR,[4 0 0 0],2,0.0
747,ACKTR,[9 0 0 0],0,-2.0
748,ACKTR,[10  0  0  0],0,-2.0
749,ACKTR,[10  0  0  0],2,0.0
750,ACKTR,[9 0 0 0],0,0.0
751,ACKTR,[2 0 0 0],1,0.0
752,ACKTR,[4 0 0 0],2,0.0
753,ACKTR,[9 0 0 0],2,-1.0
754,ACKTR,[10  0  0  0],0,-1.0
755,ACKTR,[10  0  0  0],1,0.0
756,ACKTR,[9 0 0 0],2,0.0
757,ACKTR,[2 0 0 0],2,0.0
758,ACKTR,[4 0 0 0],0,-1.0
759,ACKTR,[9 0 0 0],0,-2.0
760,ACKTR,[10  0  0  0],0,-3.0
761,ACKTR,[10  0  0  0],1,0.0
762,ACKTR,[10  0  0  0],2,0.0
763,ACKTR,[2 0 0 0],1,0.0
764,ACKTR,[4 0 0 0],2,0.0
765,ACKTR,[8 0 0 0],0,-2.0
766,ACKTR,[10  0  0  0],0,-2.0
767,ACKTR,[10  0  0  0],0,-1.0
768,ACKTR,[9 0 0 0],2,0.0
769,ACKTR,[3 0 0 0],0,-1.0
770,ACKTR,[5 0 0 0],0,-3.0
771,ACKTR,[9 0 0 0],0,-1.0
772,ACKTR,[10  0  0  0],0,-2.0
773,ACKTR,[10  0  0  0],0,-1.0
774,ACKTR,[8 0 0 0],1,0.0
775,ACKTR,[3 0 0 0],0,0.0
776,ACKTR,[4 0 0 0],1,0.0
777,ACKTR,[9 0 0 0],2,0.0
778,ACKTR,[10  0  0  0],1,-1.0
779,ACKTR,[10  0  0  0],2,0.0
780,ACKTR,[9 0 0 0],2,0.0
781,ACKTR,[2 0 0 0],1,0.0
782,ACKTR,[4 0 0 0],2,0.0
783,ACKTR,[9 0 0 0],0,-2.0
784,ACKTR,[10  0  0  0],2,0.0
785,ACKTR,[10  0  0  0],2,0.0
786,ACKTR,[9 0 0 0],0,0.0
787,ACKTR,[2 0 0 0],0,0.0
788,ACKTR,[4 0 0 0],0,-1.0
789,ACKTR,[9 0 0 0],1,-1.0
790,ACKTR,[10  0  0  0],2,0.0
791,ACKTR,[10  0  0  0],1,0.0
792,ACKTR,[9 0 0 0],2,0.0
793,ACKTR,[2 0 0 0],2,0.0
794,ACKTR,[4 0 0 0],1,0.0
795,ACKTR,[9 0 0 0],1,-1.0
796,ACKTR,[10  0  0  0],2,0.0
797,ACKTR,[10  0  0  0],2,0.0
798,ACKTR,[9 0 0 0],2,0.0
799,ACKTR,[2 0 0 0],2,0.0
800,ACER,[0 0 0 0],2,0.0
801,ACER,[10  0  0  0],2,0.0
802,ACER,[10  0  0  0],1,0.0
803,ACER,[9 0 0 0],1,0.0
804,ACER,[2 0 0 0],0,0.0
805,ACER,[4 0 0 0],1,0.0
806,ACER,[9 0 0 0],1,-1.0
807,ACER,[10  0  0  0],0,-2.0
808,ACER,[10  0  0  0],2,0.0
809,ACER,[9 0 0 0],1,0.0
810,ACER,[2 0 0 0],1,0.0
811,ACER,[4 0 0 0],2,0.0
812,ACER,[9 0 0 0],0,-2.0
813,ACER,[10  0  0  0],1,-1.0
814,ACER,[10  0  0  0],1,0.0
815,ACER,[9 0 0 0],0,0.0
816,ACER,[2 0 0 0],1,0.0
817,ACER,[4 0 0 0],0,-1.0
818,ACER,[9 0 0 0],2,0.0
819,ACER,[10  0  0  0],1,-1.0
820,ACER,[10  0  0  0],2,0.0
821,ACER,[9 0 0 0],2,0.0
822,ACER,[2 0 0 0],2,0.0
823,ACER,[4 0 0 0],0,-1.0
824,ACER,[9 0 0 0],2,-2.0
825,ACER,[10  0  0  0],0,0.0
826,ACER,[10  0  0  0],0,-2.0
827,ACER,[10  0  0  0],1,0.0
828,ACER,[2 0 0 0],1,0.0
829,ACER,[4 0 0 0],0,-1.0
830,ACER,[8 0 0 0],2,0.0
831,ACER,[10  0  0  0],0,-2.0
832,ACER,[10  0  0  0],0,-1.0
833,ACER,[9 0 0 0],1,0.0
834,ACER,[3 0 0 0],1,0.0
835,ACER,[5 0 0 0],0,-2.0
836,ACER,[9 0 0 0],1,0.0
837,ACER,[10  0  0  0],2,0.0
838,ACER,[10  0  0  0],0,-1.0
839,ACER,[8 0 0 0],2,0.0
840,ACER,[3 0 0 0],2,0.0
841,ACER,[4 0 0 0],0,-1.0
842,ACER,[9 0 0 0],1,-1.0
843,ACER,[10  0  0  0],2,0.0
844,ACER,[10  0  0  0],1,0.0
845,ACER,[9 0 0 0],2,0.0
846,ACER,[2 0 0 0],0,0.0
847,ACER,[4 0 0 0],0,-1.0
848,ACER,[9 0 0 0],0,-2.0
849,ACER,[10  0  0  0],2,0.0
850,ACER,[10  0  0  0],1,0.0
851,ACER,[9 0 0 0],0,0.0
852,ACER,[2 0 0 0],1,0.0
853,ACER,[4 0 0 0],1,-2.0
854,ACER,[9 0 0 0],0,0.0
855,ACER,[10  0  0  0],1,-1.0
856,ACER,[10  0  0  0],1,0.0
857,ACER,[9 0 0 0],2,0.0
858,ACER,[2 0 0 0],0,0.0
859,ACER,[4 0 0 0],1,0.0
860,ACER,[9 0 0 0],1,-1.0
861,ACER,[10  0  0  0],2,0.0
862,ACER,[10  0  0  0],1,0.0
863,ACER,[9 0 0 0],1,0.0
864,ACER,[2 0 0 0],1,0.0
865,ACER,[4 0 0 0],1,0.0
866,ACER,[9 0 0 0],2,0.0
867,ACER,[10  0  0  0],1,-1.0
868,ACER,[10  0  0  0],0,-2.0
869,ACER,[10  0  0  0],2,0.0
870,ACER,[2 0 0 0],0,0.0
871,ACER,[4 0 0 0],1,0.0
872,ACER,[8 0 0 0],1,-1.0
873,ACER,[10  0  0  0],0,-2.0
874,ACER,[10  0  0  0],0,-1.0
875,ACER,[9 0 0 0],1,0.0
876,ACER,[3 0 0 0],0,-1.0
877,ACER,[5 0 0 0],2,0.0
878,ACER,[9 0 0 0],2,0.0
879,ACER,[10  0  0  0],2,0.0
880,ACER,[10  0  0  0],1,0.0
881,ACER,[8 0 0 0],0,0.0
882,ACER,[3 0 0 0],0,0.0
883,ACER,[4 0 0 0],0,-1.0
884,ACER,[9 0 0 0],1,-1.0
885,ACER,[10  0  0  0],1,-1.0
886,ACER,[10  0  0  0],0,-1.0
887,ACER,[9 0 0 0],0,0.0
888,ACER,[2 0 0 0],0,0.0
889,ACER,[4 0 0 0],0,-1.0
890,ACER,[9 0 0 0],2,0.0
891,ACER,[10  0  0  0],0,-2.0
892,ACER,[10  0  0  0],2,0.0
893,ACER,[9 0 0 0],1,0.0
894,ACER,[2 0 0 0],2,0.0
895,ACER,[4 0 0 0],0,-1.0
896,ACER,[9 0 0 0],1,-1.0
897,ACER,[10  0  0  0],1,-1.0
898,ACER,[10  0  0  0],0,-1.0
899,ACER,[9 0 0 0],0,0.0
900,A2C,[0 0 0 0],0,-1.0
901,A2C,[9 0 0 0],1,-1.0
902,A2C,[10  0  0  0],0,-2.0
903,A2C,[10  0  0  0],0,-1.0
904,A2C,[8 0 0 0],1,0.0
905,A2C,[3 0 0 0],2,0.0
906,A2C,[4 0 0 0],0,-1.0
907,A2C,[9 0 0 0],2,0.0
908,A2C,[10  0  0  0],2,-1.0
909,A2C,[10  0  0  0],0,0.0
910,A2C,[9 0 0 0],1,0.0
911,A2C,[2 0 0 0],0,0.0
912,A2C,[4 0 0 0],2,0.0
913,A2C,[9 0 0 0],1,-1.0
914,A2C,[10  0  0  0],0,-2.0
915,A2C,[10  0  0  0],0,-1.0
916,A2C,[9 0 0 0],1,0.0
917,A2C,[2 0 0 0],1,0.0
918,A2C,[4 0 0 0],2,0.0
919,A2C,[9 0 0 0],2,0.0
920,A2C,[10  0  0  0],1,-1.0
921,A2C,[10  0  0  0],1,0.0
922,A2C,[9 0 0 0],2,0.0
923,A2C,[2 0 0 0],0,0.0
924,A2C,[4 0 0 0],0,-1.0
925,A2C,[9 0 0 0],0,-2.0
926,A2C,[10  0  0  0],1,-1.0
927,A2C,[10  0  0  0],1,0.0
928,A2C,[9 0 0 0],2,0.0
929,A2C,[2 0 0 0],2,0.0
930,A2C,[4 0 0 0],0,-1.0
931,A2C,[9 0 0 0],0,-2.0
932,A2C,[10  0  0  0],1,-1.0
933,A2C,[10  0  0  0],2,0.0
934,A2C,[10  0  0  0],0,0.0
935,A2C,[2 0 0 0],2,0.0
936,A2C,[4 0 0 0],2,-1.0
937,A2C,[8 0 0 0],0,-1.0
938,A2C,[10  0  0  0],0,-2.0
939,A2C,[10  0  0  0],2,0.0
940,A2C,[9 0 0 0],1,0.0
941,A2C,[3 0 0 0],2,-1.0
942,A2C,[5 0 0 0],0,-5.0
943,A2C,[9 0 0 0],0,0.0
944,A2C,[10  0  0  0],1,0.0
945,A2C,[10  0  0  0],1,0.0
946,A2C,[8 0 0 0],1,0.0
947,A2C,[3 0 0 0],2,0.0
948,A2C,[4 0 0 0],1,0.0
949,A2C,[9 0 0 0],1,-1.0
950,A2C,[10  0  0  0],2,0.0
951,A2C,[10  0  0  0],2,0.0
952,A2C,[9 0 0 0],1,0.0
953,A2C,[2 0 0 0],2,0.0
954,A2C,[4 0 0 0],1,0.0
955,A2C,[9 0 0 0],1,-1.0
956,A2C,[10  0  0  0],0,-2.0
957,A2C,[10  0  0  0],2,0.0
958,A2C,[9 0 0 0],0,0.0
959,A2C,[2 0 0 0],1,0.0
960,A2C,[4 0 0 0],0,-1.0
961,A2C,[9 0 0 0],1,-1.0
962,A2C,[10  0  0  0],1,-2.0
963,A2C,[10  0  0  0],0,0.0
964,A2C,[9 0 0 0],1,0.0
965,A2C,[2 0 0 0],0,0.0
966,A2C,[4 0 0 0],1,0.0
967,A2C,[9 0 0 0],0,-2.0
968,A2C,[10  0  0  0],1,-1.0
969,A2C,[10  0  0  0],2,0.0
970,A2C,[9 0 0 0],1,0.0
971,A2C,[2 0 0 0],0,0.0
972,A2C,[4 0 0 0],1,0.0
973,A2C,[9 0 0 0],0,-2.0
974,A2C,[10  0  0  0],2,0.0
975,A2C,[10  0  0  0],0,-2.0
976,A2C,[10  0  0  0],0,0.0
977,A2C,[2 0 0 0],0,0.0
978,A2C,[4 0 0 0],2,-2.0
979,A2C,[8 0 0 0],0,0.0
980,A2C,[10  0  0  0],2,0.0
981,A2C,[10  0  0  0],2,0.0
982,A2C,[9 0 0 0],1,0.0
983,A2C,[3 0 0 0],0,-1.0
984,A2C,[5 0 0 0],1,-1.0
985,A2C,[9 0 0 0],0,-1.0
986,A2C,[10  0  0  0],0,-2.0
987,A2C,[10  0  0  0],1,0.0
988,A2C,[8 0 0 0],0,0.0
989,A2C,[3 0 0 0],0,0.0
990,A2C,[4 0 0 0],2,-1.0
991,A2C,[9 0 0 0],0,-1.0
992,A2C,[10  0  0  0],0,-2.0
993,A2C,[10  0  0  0],2,0.0
994,A2C,[9 0 0 0],2,0.0
995,A2C,[2 0 0 0],0,0.0
996,A2C,[4 0 0 0],0,-1.0
997,A2C,[9 0 0 0],0,-2.0
998,A2C,[10  0  0  0],2,0.0
999,A2C,[10  0  0  0],2,0.0
